{
    "MR": {
        "devacc": 77.75,
        "acc": 77.12,
        "ndev": 10662,
        "ntest": 10662
    },
    "CR": {
        "devacc": 80.03,
        "acc": 78.46,
        "ndev": 3775,
        "ntest": 3775
    },
    "MPQA": {
        "devacc": 87.55,
        "acc": 87.66,
        "ndev": 10606,
        "ntest": 10606
    },
    "SUBJ": {
        "devacc": 91.63,
        "acc": 91.22,
        "ndev": 10000,
        "ntest": 10000
    },
    "SST2": {
        "devacc": 79.36,
        "acc": 79.68,
        "ndev": 872,
        "ntest": 1821
    },
    "TREC": {
        "devacc": 73.29,
        "acc": 82.6,
        "ndev": 5452,
        "ntest": 500
    },
    "MRPC": {
        "devacc": 72.62,
        "acc": 64.7,
        "f1": 69.75,
        "ndev": 4076,
        "ntest": 1725
    },
    "SICKEntailment": {
        "devacc": 70.0,
        "acc": 75.34,
        "ndev": 500,
        "ntest": 4927
    },
    "macro": 79.02875,
    "micro": 82.18264305770194
}