{"MR": {"devacc": 78.07, "acc": 77.46, "ndev": 10662, "ntest": 10662}, "CR": {"devacc": 80.16, "acc": 79.18, "ndev": 3775, "ntest": 3775}, "MPQA": {"devacc": 88.16, "acc": 87.6, "ndev": 10606, "ntest": 10606}, "SUBJ": {"devacc": 91.74, "acc": 91.18, "ndev": 10000, "ntest": 10000}, "SST2": {"devacc": 79.13, "acc": 80.07, "ndev": 872, "ntest": 1821}, "TREC": {"devacc": 74.38, "acc": 82.8, "ndev": 5452, "ntest": 500}, "MRPC": {"devacc": 72.99, "acc": 71.88, "f1": 81.41, "ndev": 4076, "ntest": 1725}, "SICKEntailment": {"devacc": 68.4, "acc": 73.01, "ndev": 500, "ntest": 4927}, "macro": 79.12875, "micro": 82.57274579370088}