{
    "MR": {
        "devacc": 74.5,
        "acc": 73.53,
        "ndev": 10662,
        "ntest": 10662
    },
    "CR": {
        "devacc": 78.43,
        "acc": 78.15,
        "ndev": 3775,
        "ntest": 3775
    },
    "MPQA": {
        "devacc": 87.12,
        "acc": 87.43,
        "ndev": 10606,
        "ntest": 10606
    },
    "SUBJ": {
        "devacc": 89.98,
        "acc": 89.36,
        "ndev": 10000,
        "ntest": 10000
    },
    "SST2": {
        "devacc": 79.13,
        "acc": 79.35,
        "ndev": 872,
        "ntest": 1821
    },
    "TREC": {
        "devacc": 78.71,
        "acc": 85.8,
        "ndev": 5452,
        "ntest": 500
    },
    "MRPC": {
        "devacc": 73.21,
        "acc": 71.88,
        "f1": 79.82,
        "ndev": 4076,
        "ntest": 1725
    },
    "SICKEntailment": {
        "devacc": 84.6,
        "acc": 84.03,
        "ndev": 500,
        "ntest": 4927
    },
    "macro": 80.71000000000001,
    "micro": 81.68859695709901
}