{"MR": {"devacc": 83.5, "acc": 82.92, "ndev": 10662, "ntest": 10662}, "CR": {"devacc": 87.24, "acc": 86.39, "ndev": 3775, "ntest": 3775}, "MPQA": {"devacc": 90.57, "acc": 90.02, "ndev": 10606, "ntest": 10606}, "SUBJ": {"devacc": 94.1, "acc": 93.64, "ndev": 10000, "ntest": 10000}, "SST2": {"devacc": 78.9, "acc": 80.72, "ndev": 872, "ntest": 1821}, "TREC": {"devacc": 84.89, "acc": 83.6, "ndev": 5452, "ntest": 500}, "MRPC": {"devacc": 74.8, "acc": 75.25, "f1": 82.04, "ndev": 4076, "ntest": 1725}, "SICKEntailment": {"devacc": 85.6, "acc": 85.95, "ndev": 500, "ntest": 4927}, "macro": 84.94999999999999, "micro": 87.07527370872603}