{
    "MR": {
        "devacc": 81.72,
        "acc": 82.54,
        "ndev": 10662,
        "ntest": 10662
    },
    "CR": {
        "devacc": 85.14,
        "acc": 85.27,
        "ndev": 3775,
        "ntest": 3775
    },
    "MPQA": {
        "devacc": 88.75,
        "acc": 89.54,
        "ndev": 10606,
        "ntest": 10606
    },
    "SUBJ": {
        "devacc": 93.17,
        "acc": 93.25,
        "ndev": 10000,
        "ntest": 10000
    },
    "SST2": {
        "devacc": 80.28,
        "acc": 80.78,
        "ndev": 872,
        "ntest": 1821
    },
    "TREC": {
        "devacc": 77.35,
        "acc": 83.0,
        "ndev": 5452,
        "ntest": 500
    },
    "MRPC": {
        "devacc": 73.82,
        "acc": 73.74,
        "f1": 80.72,
        "ndev": 4076,
        "ntest": 1725
    },
    "SICKEntailment": {
        "devacc": 86.0,
        "acc": 85.91,
        "ndev": 500,
        "ntest": 4927
    },
    "macro": 83.27875,
    "micro": 84.91590274905862
}