{"MR": {"devacc": 73.22, "acc": 72.01, "ndev": 10662, "ntest": 10662}, "CR": {"devacc": 77.97, "acc": 76.26, "ndev": 3775, "ntest": 3775}, "MPQA": {"devacc": 87.55, "acc": 87.54, "ndev": 10606, "ntest": 10606}, "SUBJ": {"devacc": 85.69, "acc": 84.58, "ndev": 10000, "ntest": 10000}, "SST2": {"devacc": 77.98, "acc": 77.7, "ndev": 872, "ntest": 1821}, "TREC": {"devacc": 61.15, "acc": 76.8, "ndev": 5452, "ntest": 500}, "MRPC": {"devacc": 72.52, "acc": 68.35, "f1": 74.22, "ndev": 4076, "ntest": 1725}, "SICKEntailment": {"devacc": 83.2, "acc": 83.46, "ndev": 500, "ntest": 4927}, "macro": 77.41000000000001, "micro": 78.33714755240189}